-- nrb2026 webapp seed (base, dev fallback)。seed-gen が seed-data から自動生成する。
-- 手で編集しないこと。UUID 定数を変えたら `cargo run -p seed-gen -- base --out webapp/sql/seed.base.sql` で再生成して commit。
-- 配布版 seed としては seed-gen full モードが seed.sql (1500 件 + 画像) を生成する。
-- このファイルは seed.sql が無いとき (= dev fresh checkout) の fallback。

INSERT INTO `users` (`id`, `name`, `credit_limit`, `created_at`) VALUES
  ('f10a3eef-ff69-4cc5-a098-f225321d52e5', 'alice', 60000, '2026-01-01 10:00:00.000000'),
  ('f6d35d84-9808-4ae3-ab95-ab4aa953e2be', 'bob', 60000, '2026-01-01 10:00:01.000000'),
  ('4e4a5313-8bf2-4298-bf08-05656ebbafbb', 'carol', 60000, '2026-01-01 10:00:02.000000'),
  ('a38e13b1-591b-4497-9c72-ff45e23d63ef', 'dave', 60000, '2026-01-01 10:00:03.000000'),
  ('ba66b58a-2621-4db8-ba00-f60c5cb9b6d4', 'eve', 60000, '2026-01-01 10:00:04.000000');
INSERT INTO `tags` (`id`, `name`, `created_at`) VALUES
  ('6ae98125-52bc-4132-af51-d4509de5d2d7', 'comfortable', '2026-01-01 09:00:00.000000'),
  ('5eec0c63-65fb-4bea-8e34-252e82666345', 'ergonomic', '2026-01-01 09:00:00.000000'),
  ('b9bfb9ab-7f84-43a2-af49-0c77e545e8d4', 'mesh', '2026-01-01 09:00:00.000000'),
  ('10e978e9-bede-4929-9bcf-5d1e7cba5b96', 'leather', '2026-01-01 09:00:00.000000'),
  ('ebdd3a6f-3024-4d53-baa4-bbff206d923a', 'gaming', '2026-01-01 09:00:00.000000'),
  ('e7d4cade-00d1-41d0-86e4-32b0e0300985', 'office', '2026-01-01 09:00:00.000000'),
  ('14ae3d63-9e59-4bdd-961e-b8998b293358', 'dining', '2026-01-01 09:00:00.000000'),
  ('daaaae99-25e2-47a9-83fa-29b124b95b0b', 'lounge', '2026-01-01 09:00:00.000000'),
  ('69600538-4e18-4545-9063-f459f9985753', 'folding', '2026-01-01 09:00:00.000000'),
  ('b0babbf0-f1ed-4b92-b3b7-3e7a16939755', 'swivel', '2026-01-01 09:00:00.000000'),
  ('707e5d18-7039-4c90-b263-2f90b9019657', 'recliner', '2026-01-01 09:00:00.000000'),
  ('f42b8388-f1c7-474b-a48b-ee94073e1841', 'wooden', '2026-01-01 09:00:00.000000'),
  ('5da7df14-3b6f-4930-b3e9-389a0478970c', 'metal', '2026-01-01 09:00:00.000000'),
  ('a8725933-13b2-4624-acde-bd2f3bf8773d', 'plastic', '2026-01-01 09:00:00.000000'),
  ('761ac618-f9a1-4c32-9585-e434879a8419', 'fabric', '2026-01-01 09:00:00.000000'),
  ('ff7d8eec-abce-4c9e-b348-201ab13b378f', 'armrest', '2026-01-01 09:00:00.000000'),
  ('a7223c4f-b87d-4ab6-a841-0e2fcec090a8', 'headrest', '2026-01-01 09:00:00.000000'),
  ('83fc9039-ad85-4d89-b13b-746dfad71a67', 'lumbar', '2026-01-01 09:00:00.000000'),
  ('4630f3b1-5a40-4ddd-a8bf-5cf922d2e79d', 'tall', '2026-01-01 09:00:00.000000'),
  ('e60fb244-101e-4c4d-acb8-e711642ca770', 'compact', '2026-01-01 09:00:00.000000');
INSERT INTO `campaigns` (`id`, `name`, `description`, `price`, `goal_count`, `image`, `created_at`) VALUES
  ('100b73b1-c334-4231-89c2-0bca6ad9da55', 'メッシュなオフィスチェア', '通気性抜群のメッシュ素材で長時間座っても蒸れにくい', 15000, 5, x'FFD8FFE00010', '2026-04-01 12:00:00.000000'),
  ('db734fd4-9c39-4e0a-82b5-a5ae92b1028d', 'ゲーミングチェア', '高めヘッドレストとランバーサポート付き、長時間ゲーム向け', 18000, 4, x'FFD8FFE00010', '2026-04-02 12:00:00.000000'),
  ('9c42df95-67b7-4dca-b3d4-0913c3491357', 'レザーリクライナー', '本革張り、フルリクライニング、リビングに置ける高級椅子', 20000, 3, x'FFD8FFE00010', '2026-04-03 12:00:00.000000'),
  ('3cec9103-f883-4316-a96e-d099517de0a2', '折りたたみ椅子3脚セット', '来客用に。コンパクトで収納場所を取らない', 8000, 10, x'FFD8FFE00010', '2026-04-04 12:00:00.000000'),
  ('91f02ead-1dd7-4352-85ed-0f2959bb0e71', '木製ダイニングチェア', 'ナチュラルな木目、家族で囲めるテーブル用ダイニングチェア', 12000, 6, x'FFD8FFE00010', '2026-04-05 12:00:00.000000');
INSERT INTO `campaign_tags` (`campaign_id`, `tag_id`, `created_at`) VALUES
  ('100b73b1-c334-4231-89c2-0bca6ad9da55', 'b9bfb9ab-7f84-43a2-af49-0c77e545e8d4', '2026-04-01 12:00:00.000000'),
  ('100b73b1-c334-4231-89c2-0bca6ad9da55', '5eec0c63-65fb-4bea-8e34-252e82666345', '2026-04-01 12:00:00.000000'),
  ('100b73b1-c334-4231-89c2-0bca6ad9da55', 'e7d4cade-00d1-41d0-86e4-32b0e0300985', '2026-04-01 12:00:00.000000'),
  ('db734fd4-9c39-4e0a-82b5-a5ae92b1028d', 'ebdd3a6f-3024-4d53-baa4-bbff206d923a', '2026-04-02 12:00:00.000000'),
  ('db734fd4-9c39-4e0a-82b5-a5ae92b1028d', 'a7223c4f-b87d-4ab6-a841-0e2fcec090a8', '2026-04-02 12:00:00.000000'),
  ('db734fd4-9c39-4e0a-82b5-a5ae92b1028d', '83fc9039-ad85-4d89-b13b-746dfad71a67', '2026-04-02 12:00:00.000000'),
  ('9c42df95-67b7-4dca-b3d4-0913c3491357', '10e978e9-bede-4929-9bcf-5d1e7cba5b96', '2026-04-03 12:00:00.000000'),
  ('9c42df95-67b7-4dca-b3d4-0913c3491357', '707e5d18-7039-4c90-b263-2f90b9019657', '2026-04-03 12:00:00.000000'),
  ('9c42df95-67b7-4dca-b3d4-0913c3491357', 'daaaae99-25e2-47a9-83fa-29b124b95b0b', '2026-04-03 12:00:00.000000'),
  ('3cec9103-f883-4316-a96e-d099517de0a2', '69600538-4e18-4545-9063-f459f9985753', '2026-04-04 12:00:00.000000'),
  ('3cec9103-f883-4316-a96e-d099517de0a2', 'e60fb244-101e-4c4d-acb8-e711642ca770', '2026-04-04 12:00:00.000000'),
  ('91f02ead-1dd7-4352-85ed-0f2959bb0e71', 'f42b8388-f1c7-474b-a48b-ee94073e1841', '2026-04-05 12:00:00.000000'),
  ('91f02ead-1dd7-4352-85ed-0f2959bb0e71', '14ae3d63-9e59-4bdd-961e-b8998b293358', '2026-04-05 12:00:00.000000');
INSERT INTO `campaign_participants` (`id`, `campaign_id`, `user_id`, `created_at`) VALUES
  ('b26449dd-23d6-4437-bfc3-f65daf0b3dca', '100b73b1-c334-4231-89c2-0bca6ad9da55', 'f10a3eef-ff69-4cc5-a098-f225321d52e5', '2026-04-10 10:00:00.000000'),
  ('ee95ac74-ed0f-49f1-809e-fe8e4e61186a', '100b73b1-c334-4231-89c2-0bca6ad9da55', 'f6d35d84-9808-4ae3-ab95-ab4aa953e2be', '2026-04-10 11:00:00.000000'),
  ('7b524c35-43c4-4b81-b10f-25c06d3ed80d', 'db734fd4-9c39-4e0a-82b5-a5ae92b1028d', '4e4a5313-8bf2-4298-bf08-05656ebbafbb', '2026-04-11 10:00:00.000000'),
  ('456a7a08-9bfc-4614-bf85-faf2eb185eea', '91f02ead-1dd7-4352-85ed-0f2959bb0e71', 'a38e13b1-591b-4497-9c72-ff45e23d63ef', '2026-04-13 10:00:00.000000'),
  ('f55658ea-dc08-49b9-bb85-a29806dbc493', '91f02ead-1dd7-4352-85ed-0f2959bb0e71', 'ba66b58a-2621-4db8-ba00-f60c5cb9b6d4', '2026-04-13 11:00:00.000000');
INSERT INTO `app_config` (`name`, `value`) VALUES
  ('notification_webhook_url', '');
